ID,Name,Lat / Lon,Nearby stations
1,"Gran Via Corts Catalanes, 760",41.397952 / 2.180042,24 369 387 424 
10,"Pl. Comercial, 11",41.385531 / 2.183527,7 14 115 405 
100,"Tarragona, 159",41.379135 / 2.14409,97 98 99 384 
101,"Av. Pau Casals, 1",41.392988 / 2.143562,74 102 319 366 
102,"Av. Pau Casals, 3",41.393093 / 2.143365,74 102 319 366 
103,"Aragó, 629",41.409856 / 2.188217,26 104 127 132 
104,"C/València, 621",41.410821 / 2.187365,26 103 127 177 
105,"PL. Urquinaona, 9",41.389069 / 2.173424,65 359 363 
106,"Pl. Joanic, 59",41.405587 / 2.162317,108 122 226 231 
107,"Travessera de Gracia, 92",41.398298 / 2.153128,68 219 220 223 
108,"Indústria, 10",41.402314 / 2.164961,29 122 224 226 
109,"C/ Londres, 53",41.390981 / 2.14737,89 101 350 365 
11,"Trelawny, 2",41.381689 / 2.193914,116 124 125 396 
110,"Avda. Roma, 117",41.385554 / 2.154813,83 84 209 385 
111,"Calabria, 135",41.381096 / 2.153087,81 82 83 262 
112,"Floridablanca, 49",41.377644 / 2.15725,82 91 113 386 
113,"Comte Borrell, 60",41.378836 / 2.160801,70 91 112 373 
114,"Pl. Jean Genet, 1",41.376801 / 2.173039,50 54 56 425 
115,"Marquès d'Argentera, 1",41.383275 / 2.183704,10 14 37 401 
116,"Salvat Papasseit, 72",41.383718 / 2.191414,11 13 38 39 
117,"Rosa Sensat, 9",41.390666 / 2.197024,46 49 163 396 
118,"Pujades, 1",41.391884 / 2.187302,7 8 45 149 
119,"Ausiàs March, 122",41.396632 / 2.182802,3 372 387 426 
12,"pg marítim barceloneta, 23",41.384538 / 2.195679,11 13 116 396 
120,"Lepant, 278",41.404666 / 2.176515,18 22 121 370 
121,"Castillejos, 258",41.406293 / 2.178689,18 26 120 371 
122,"Nàpols, 344",41.405435 / 2.16624,19 106 108 277 
123,"Girona, 126",41.397411 / 2.167798,27 189 224 362 
124,"Atlantida, 82",41.377131 / 2.190857,31 33 41 424 
125,"Passeig Maritim, 31",41.384426 / 2.195595,12 13 69 398 
126,Passeig de Colom,41.380641 / 2.182243,37 115 377 402 
127,"Aragó, 661",41.412322 / 2.19142,103 104 128 238 
128,"Rambla Guipúscoa, 43",41.415581 / 2.19581,127 129 135 339 
129,"Rambla Guipúscoa, 67",41.417341 / 2.198102,128 130 137 339 
13,"Avinguda Litoral, 16",41.386861 / 2.195761,6 11 12 69 
130,"Rambla Guipúscoa, 103",41.419905 / 2.201573,129 131 139 339 
131,"Rambla Guipúscoa, 158",41.422808 / 2.206036,130 139 140 317 
132,Pl. Valentí Amirall,41.408439 / 2.192173,42 103 133 141 
133,"Gran Vía, 2",41.407411 / 2.192819,42 43 132 141 
134,"Gran Via, 990",41.411315 / 2.198126,135 136 141 145 
135,"Gran Vía, 981",41.411908 / 2.197936,134 136 137 141 
136,"Gran Vía, 1062",41.414226 / 2.201734,134 137 138 146 
137,"Gran Vía, 1041/ Selva de Mar",41.414758 / 2.201538,129 136 138 146 
138,"Gran Vía, 1118",41.416966 / 2.205397,137 139 140 147 
139,"Gran Vía, 1131",41.418035 / 2.206023,131 138 140 147 
14,"Avinguda del Marques Argentera, 19",41.384825 / 2.185074,9 10 115 405 
140,"Gran Vía, 1178",41.419733 / 2.20907,131 138 139 147 
141,"Gran Via , 940",41.40902 / 2.194896,42 132 133 135 
142,"Sancho de Ávila, 130",41.400503 / 2.192511,42 44 143 211 
143,"Sancho de Ávila, 170",41.402216 / 2.194782,42 144 152 153 
144,"Castella, 28",41.40562 / 2.19764,42 143 150 286 
145,"Pere IV, 301",41.40982 / 2.202904,135 146 150 156 
146,"Pere IV, 383",41.412453 / 2.204841,136 137 138 145 
147,"Rambla Prim, 79",41.416018 / 2.212658,140 146 151 157 
148,"Ronda Sant Pau, 79",41.378436 / 2.163324,70 113 388 415 
149,"Pujades, 55",41.395905 / 2.192958,45 48 409 
15,"Girona, 75",41.395213 / 2.170718,23 25 362 413 
150,"Espronceda, 124",41.406549 / 2.203112,144 145 154 155 
151,"Pujades, 462",41.413163 / 2.216085,155 156 157 159 
152,"Pujades, 121",41.39925 / 2.197421,143 149 153 393 
153,"Pujades, 173",41.401778 / 2.200769,152 154 165 393 
154,"Pujades, 191",41.402454 / 2.201656,141 153 165 282 
155,"Pujades, 311",41.406977 / 2.207602,150 156 162 282 
156,"Diagonal, 82",41.408923 / 2.208551,145 155 157 159 
157,"C/Llull, 396",41.411636 / 2.216337,16 151 158 159 
158,"Rambla de Prim, 1",41.411655 / 2.218742,151 157 159 178 
159,"Avda. Diagonal, 26",41.410916 / 2.216381,151 157 158 160 
16,"Av. Meridiana, 47",41.39827 / 2.186708,17 44 48 372 
160,"Avda. d'Eduard Maristany, 1",41.411026 / 2.219377,151 157 158 159 
161,"Ramon Turro, 91",41.395009 / 2.196308,49 149 163 409 
162,"Ramon Turro, 287",41.404367 / 2.208752,155 166 167 168 
163,"Avda. Icaria, 202",41.392624 / 2.198886,49 117 161 172 
164,"Independència, 379",41.41194 / 2.178037,20 21 177 280 
165,"Carrer del Doctor Trueta, 222",41.399196 / 2.204253,153 154 166 173 
166,"Passeig de Taulat, 116",41.401077 / 2.207632,162 165 173 174 
167,"Passeig de Taulat, 188",41.403446 / 2.211166,162 166 176 
168,"Passeig de Taulat, 238",41.405216 / 2.213518,162 167 176 178 
169,"Avda. Litoral, 40",41.389896 / 2.200055,11 170 172 397 
17,"Av. Meridiana, 47",41.398237 / 2.186711,16 48 211 372 
170,"Avda. Litoral, 40",41.389732 / 2.199934,117 169 172 397 
171,"Passeig Marítim de la Nova Icària, 83",41.391986 / 2.203699,163 169 170 172 
172,"Passeig Marítim de la Nova Icària, 83",41.391831 / 2.203436,163 169 170 171 
173,"Avda. Litoral, 84",41.398027 / 2.208982,166 171 175 190 
174,"Passeig de Garcia Fària, 21",41.40061 / 2.210461,166 173 175 176 
175,Passeig marítim de la mar bella ,41.400159 / 2.212783,166 167 173 
176,"Passeig de Garcia Fària, 37",41.402541 / 2.212641,167 168 174 175 
177,"Rosselló, 557",41.411089 / 2.181119,20 121 164 280 
178,"Passeig de Garcia Fària, 85",41.405389 / 2.216212,162 166 167 168 
179,"Rambla Badal, 2",41.365306 / 2.135678,184 351 352 404 
18,"Rosselló, 412",41.405881 / 2.17414,19 28 120 370 
180,"Gran Via, 181",41.368177 / 2.139439,179 181 182 183 
181,"Gran Via, 180",41.368392 / 2.139726,180 182 183 
182,"Gran Via, 273",41.371455 / 2.143882,96 180 183 420 
183,"Gavà, 1",41.372338 / 2.141875,181 182 185 420 
184,"Quetzal, 22",41.367504 / 2.134088,179 180 185 404 
185,"GAVÀ, 81",41.37046 / 2.138994,180 181 184 
186,"Consell de Cent, 6",41.375571 / 2.143812,95 96 182 210 420 
187,"Carrer de Sant Pau, 89",41.376858 / 2.169811,50 54 86 416 
188,"Joan Güell, 2",41.375929 / 2.134695,210 313 354 421 
189,"Bruc, 130",41.396918 / 2.166163,25 27 123 224 
19,"Rossello, 354",41.403282 / 2.170726,21 22 174 278 
190,"Avinguda Litoral, 72",41.39606 / 2.207803,165 171 172 173 
191,"Rocafort, 167",41.382564 / 2.149094,81 87 111 384 
192,"Joan Güell, 85",41.379814 / 2.132802,188 193 194 
193,"Figols, 1",41.381311 / 2.128912,192 194 199 312 
194,"Joan Güell, 128",41.382258 / 2.131652,192 193 196 200 
195,"Comtes de Bell-lloc, 148",41.38234 / 2.136186,192 194 196 367 
196,"Comte Bell-lloch, 216",41.384522 / 2.134698,195 198 367 
197,"Taquigraf Serra, 18",41.386398 / 2.139821,64 75 201 386 
198,"Vallespir, 198",41.38512 / 2.133282,196 200 201 205 
199,"Mejía Lequerica, 2",41.38182 / 2.126933,193 200 202 312 
2,"Plaza Tetuán, 8",41.394272 / 2.175169,360 368 387 414 
20,"Indústria, 157",41.409758 / 2.17462,21 164 174 278 
200,"Can bruixa, 14",41.383712 / 2.131377,193 194 196 198 
201,"Deu i Mata, 56",41.388455 / 2.135826,198 206 207 208 
202,"Carrer de les Corts, 20",41.385331 / 2.128737,199 200 203 205 
203,"Avda. Diagonal, 664",41.388742 / 2.128503,204 205 212 284 
204,"Avda. Diagonal, 668",41.388011 / 2.125593,202 203 205 212 
205,"Europa , 25",41.387465 / 2.130838,198 202 203 284 
206,"Avda. Diagonal, 650",41.389845 / 2.13284,201 207 208 284 
207,"Avda. Diagonal, 634",41.390828 / 2.136665,201 204 206 208 
208,"Avda. Diagonal, 630",41.391451 / 2.139116,201 206 207 366 
209,"Diputació, 200",41.385755 / 2.161004,71 78 84 261 
21,"Sant Antoni Maria Claret, 214",41.410897 / 2.17402,20 28 164 278 
210,"Vilardell, 18",41.37453 / 2.142356,183 185 186 188 421 
211,"Sancho de Ávila, 60",41.398848 / 2.190291,16 44 48 142 
212,"Numancia, 212",41.392173 / 2.130319,203 206 284 325 
213,"Doctor Fleming, 9",41.392485 / 2.135586,21 207 208 214 
214,"Doctor Fleming, 19",41.393976 / 2.13496,207 208 212 213 
215,"Carrer de Francesc Pérez Cabrero, 6",41.394527 / 2.138637,102 213 214 324 
216,"Madrazo, 131",41.396809 / 2.144534,101 217 219 319 
217,"Rector Ubach, 24",41.398463 / 2.143924,102 216 219 319 
218,"Consell de Cent, 566",41.404114 / 2.183203,30 43 46 371 
219,"Carre Laforja, 74",41.397812 / 2.147585,107 216 217 
22,"Sardenya, 296",41.402051 / 2.175206,29 120 369 370 
220,"Tuset, 19",41.396229 / 2.151482,88 107 219 
221,"Gran de Gràcia, 155",41.402535 / 2.152519,107 222 229 230 
222,"Carrer del Canó, 1",41.40124 / 2.157483,107 221 226 229 
223,"Carrer de Bonavista, 14",41.398311 / 2.159865,68 224 225 374 
224,"Girona, 156",41.399102 / 2.165556,27 108 123 
226,"Montmany, 1",41.403465 / 2.161096,106 108 123 225 
227,"Torrent de Les Flors, 102",41.407837 / 2.158678,106 228 231 
228,"Pl. Del Nord, 5",41.40694 / 2.155794,106 227 229 230 
229,"Carrer de la Santacreu, 2",41.405107 / 2.156874,106 226 227 228 
23,"Bruc, 45",41.392526 / 2.171812,15 360 363 413 
230,"C. De Nil Fabra, 16",41.405986 / 2.151633,221 222 228 229 
231,"C. Del Secretari Coloma, 59",41.409115 / 2.16327,106 122 227 
232,"Vilà i Vilà, 45",41.373509 / 2.171002,50 86 233 
233,"Nou de la Rambla, 164",41.371965 / 2.166871,50 86 232 234 
234,"Passeig de l'Exposició, 30",41.371515 / 2.162166,85 86 233 235 
235,"Elkano, 64",41.373764 / 2.161632,85 234 236 373 
236,"Carrer de la França Xica, 42",41.372162 / 2.156554,85 94 235 386 
237,"Rius i Taulet, 4",41.372891 / 2.154471,85 236 386 420 
238,"Espronceda, 298",41.415684 / 2.190986,127 128 238 
239,"Indústria, 344",41.417315 / 2.184712,238 241 248 
24,"Marina, 185",41.399982 / 2.180319,1 30 369 426 
240,"Josep Estivill, 32",41.417763 / 2.187558,128 238 248 289 
241,"Pl. Maragall, 22",41.419858 / 2.181234,239 240 246 
242,"Ramon Albó, 1",41.424451 / 2.177284,241 243 244 
243,"Alenxadre Galí, 1",41.423939 / 2.181298,241 242 244 247 
244,"Felip II, 214",41.426896 / 2.178511,242 243 251 288 
246,"Juan de Garay, 116",41.422561 / 2.185734,247 249 250 251 
247,"Olesa, 43",41.422811 / 2.185171,243 246 251 
248,"Palència, 31",41.418208 / 2.190374,128 238 240 423 
249,"Açores, 1",41.425216 / 2.188997,246 250 251 
25,"Bruc, 102",41.395179 / 2.168294,15 123 362 413 
250,"Portugal, 12",41.426248 / 2.190132,249 252 253 254 
251,"Cardenal Tedeschini, 13",41.425405 / 2.185226,243 247 249 
252,"Carrer del Pare Manyanet, 23",41.428184 / 2.193402,249 250 254 391 
253,"Onze de Setembre, 37",41.429977 / 2.191821,250 252 254 257 
254,"Gran de Sant Andreu, 93",41.430343 / 2.189581,250 252 253 
255,"Irlanda, 11",41.431183 / 2.185852,253 254 257 274 
256,"Malats, 28",41.435998 / 2.189524,255 257 259 285 
257,"Sant Adrià, 2",41.433897 / 2.189614,253 254 255 256 
258,"Carrer de Palomar, 6",41.442013 / 2.189101,256 257 259 263 
259,"Carrer de Bartrina, 14",41.439109 / 2.185818,256 257 258 267 
26,"Dos Maig, 230",41.407035 / 2.181981,120 121 177 371 
260,"Plaça de l'Estació, 6",41.43618 / 2.192952,256 257 263 264 
261,"Villarroel, 39",41.382206 / 2.160644,70 71 84 90 
262,"Rocafort, 103",41.379821 / 2.152496,81 82 111 191 
263,"C/Joan Torras, 28",41.437656 / 2.191386,256 257 260 264 
264,"República Dominicana, 25",41.439949 / 2.197033,263 267 268 344 
266,"Plaça Baró de Viver, 22",41.447656 / 2.19988,264 265 268 344 
267,"Passeig Torras i Bages, 129",41.443395 / 2.190623,258 263 265 268 
268,"Coronel Monasterio, 26",41.445705 / 2.192892,263 264 267 271 
269,"Via Barcino, 121",41.448128 / 2.192826,265 268 271 
27,"Provença, 322",41.396881 / 2.164415,123 189 224 374 
270,"Pl. de la Trinitat, 5-7 / amb Mare de Déu de Lorda",41.449874 / 2.190978,268 269 271 
271,"Via Barcino, 71",41.450882 / 2.192668,265 268 269 
272,"Concepció Arenal, 281",41.432552 / 2.18429,255 273 274 298 
273,"Avda. Meridiana, 404",41.430404 / 2.183382,255 272 274 275 
274,"Avda. Meridiana, 404",41.430071 / 2.18473,254 255 272 273 
275,"Rio de Janeiro, 3",41.430693 / 2.182225,272 273 274 298 
276,Plaça Alfons X el Savi / Ronda del Guinardó ,41.412163 / 2.165275,231 277 278 318 
277,"Travessera de Gràcia, 373",41.408436 / 2.169074,28 122 123 231 
278,"Rosalia de Castro, 41",41.411503 / 2.172073,20 21 28 277 
279,"Ronda Guinardo, 118",41.416658 / 2.174593,278 280 281 
28,"Marina, 311",41.407261 / 2.170871,18 20 122 277 
280,"Industria , 241",41.412804 / 2.17853,20 21 239 
281,"Ronda Guinardo, 179",41.419384 / 2.176524,241 242 243 279 
282,"Font d'en Fargas, 1",41.427561 / 2.166022,242 244 283 291 
283,"Plaça Eivissa, 10",41.430808 / 2.16072,242 244 282 291 
284,"Ada. Diagonal, 652",41.389503 / 2.131454,203 205 206 212 
285,"Malats, 98",41.436708 / 2.186059,256 257 259 272 
286,"Bolívia, 76",41.403103 / 2.191428,42 44 142 143 
287,"Gran Via, 632",41.389171 / 2.168113,61 64 66 411 
289,"P. Fabra i Puig, 323",41.416828 / 2.191022,127 238 240 248 
29,"Provença, 388",41.401101 / 2.170082,19 224 360 370 
290,"Plaça dels Jardins d'Alfàbia, 1",41.437094 / 2.174047,128 240 248 299 
291,"Subirats, 5",41.426975 / 2.174598,242 244 282 288 
292,"Amilcar, 1",41.430036 / 2.171974,282 288 289 291 
293,"Petrarca, 44",41.428747 / 2.164559,282 283 289 291 
294,Seu del Districte (Nou Barris),41.436373 / 2.170678,290 295 299 301 
295,"Sant Iscle, 60",41.43345 / 2.1715,282 288 292 301 
296,"Carrer de Rosselló i Porcel, 1",41.436505 / 2.183877,259 272 285 298 
297,"Carrer Turó Blau, 1",41.438864 / 2.176822,290 296 298 299 
298,"Andreu Nin, 22",41.43463 / 2.181747,296 299 300 
299,"Carrer de l'Escultor Ordóñez, 55",41.433965 / 2.175199,288 294 295 297 
3,"Ali Bei, 44",41.393699 / 2.181137,4 6 119 
30,"Diagonal, 231",41.402046 / 2.182286,24 218 369 371 
300,"Carrer de Maladeta, 1",41.431593 / 2.176909,275 288 298 299 
301,"Marie Curie, 8",41.437053 / 2.169644,290 295 299 
302,"Cavallers, 41",41.39065 / 2.111615,303 304 335 336 
303,"Cavallers, 66",41.393075 / 2.114875,302 304 335 336 
304,"Jiménez Iglesias, 15",41.38989 / 2.12188,203 204 305 335 
305,"Diagonal, 680",41.387498 / 2.123637,203 204 305 
306,"Doctor Salvador Cardenal, 7",41.385465 / 2.122912,199 204 305 310 
307,Pintor Ribalta,41.379135 / 2.113505,310 311 312 
308,"Cardenal Reig, 11",41.376788 / 2.113864,307 309 311 
309,"Sant Ramón Nonat, 26",41.37674 / 2.116973,307 308 311 
31,"Passeig Joan Borbó, 72",41.375807 / 2.189067,33 39 41 124 
310,Josep Samitier,41.381223 / 2.119077,307 311 312 
311,"Travessera de les Corts, 58",41.378172 / 2.121826,307 310 312 
312,"Felipe de Paz, 2",41.379816 / 2.126588,193 199 311 353 
313,"Cáceres, 53",41.374558 / 2.131016,185 188 210 355 
314,"Rambla del Brasil, 44",41.37836 / 2.129737,192 193 313 354 
315,"Guinardó, 32",41.415617 / 2.181966,177 239 241 280 
316,"Cantàbria, 55",41.422212 / 2.198316,129 130 317 339 
317,"Rambla Prim, 256",41.425566 / 2.200693,130 131 316 391 
318,"Ronda Guinardo, 83",41.414076 / 2.170838,21 276 278 279 
319,"Amigó, 23",41.39472 / 2.145161,101 102 216 219 
32,"Plaça del mar, 1",41.373698 / 2.188927,31 33 124 400 
320,"Gleva, 21",41.403384 / 2.145875,221 230 321 
321,"Carrer de Pádua, 98",41.404038 / 2.143648,216 230 322 326 
322,"Santaló, 165",41.400977 / 2.13907,217 323 324 328 
323,"Vallmajor, 13",41.397996 / 2.138717,214 215 217 324 
324,"Reina Victoria, 31",41.396938 / 2.136258,214 215 322 323 
325,"Alt de Gironella, 13",41.39493 / 2.130325,212 214 331 333 
326,"Castanyer, 16",41.406983 / 2.137742,321 327 328 330 
327,"Reus, 23",41.405 / 2.13453,326 328 329 
328,"Artesa de Segre, 2",41.402449 / 2.134938,321 322 327 329 
329,"Carrer de les Escoles Pies, 99",41.402879 / 2.128541,327 328 330 332 
33,"Baluart, 58",41.376862 / 2.190773,31 41 124 424 
330,"Doctor Carulla, 44",41.400587 / 2.130658,328 329 331 332 
331,"Castellnou, 58",41.397362 / 2.127785,325 332 333 335 
332,"Doctor Roux, 86",41.399822 / 2.12809,329 330 331 333 
333,"Passatge de Senillosa, 3",41.395632 / 2.125106,325 331 335 336 
334,"Via Augusta, 348",41.400722 / 2.123268,331 332 337 338 
335,"Santa Amèlia, 25",41.393639 / 2.123224,212 304 333 336 
336,"Caponata, 10",41.395274 / 2.120973,333 335 337 338 
337,"Negrevernís, 20",41.398719 / 2.120422,333 334 336 338 
338,"Avinguda de J.Foix, 63",41.397572 / 2.119506,333 334 336 337 
339,"Treball, 264",41.419576 / 2.197225,128 129 130 316 
34,"Sant Pere Més Alt, 4",41.387074 / 2.175247,36 105 359 380 
340,"Sant Adrià, 113",41.436145 / 2.204634,341 342 343 
341,"Passeig Enric Sanchís, 33",41.434191 / 2.205886,265 340 342 343 
342,"Roc Boronat, 134",41.403502 / 2.193702,340 341 343 
343,Campana de la Maquinista,41.438886 / 2.199598,264 265 342 344 
344,"Ciutat d'Asunción, 73",41.443127 / 2.199538,260 264 265 343 
345,Pl. Teresa de Claramunt,41.363093 / 2.139771,179 180 346 351 
346,"Carrer de la Foneria, 33",41.360654 / 2.139132,345 347 348 
347,"Mare de Déu dels Ports, 235",41.358255 / 2.143401,345 346 348 349 
348,Jardins de Can Ferrero,41.357067 / 2.141563,345 346 347 349 
349,"Carrer de l'Energia, 2",41.357338 / 2.137172,345 347 348 351 
35,"Ramon Berenguer el Gran, 1",41.384232 / 2.177871,36 52 53 401 
350,"Villarroel, 208",41.391833 / 2.14812,88 90 101 109 
351,"Jane Adams, 26",41.362135 / 2.135637,179 345 352 404 
352,"Radi, 10",41.36335 / 2.134144,179 346 351 404 
353,"Munné, 6",41.375414 / 2.123191,309 311 314 354 
354,"Rambla del Brasil, 1",41.375671 / 2.13014,312 313 314 355 
355,"Canalejas, 87",41.372536 / 2.129487,184 313 353 354 
356,"Balcells, 48",41.411067 / 2.16107,227 231 266 357 
357,"Cardener, 82",41.410538 / 2.1581,227 228 231 356 
358,"Gombau, 24",41.387225 / 2.17927,34 35 36 390 
359,"Méndez Núñez, 16",41.390021 / 2.177572,5 358 362 363 
36,"Catedral, 6",41.385151 / 2.176804,34 35 358 380 
360,"Bailén, 62",41.395213 / 2.172984,2 15 23 413 
361,Passeig de Colom,41.376292 / 2.178553,56 57 376 410 
362,"Bailén, 100",41.397006 / 2.17057,15 22 123 360 
363,"Bruc, 20",41.39076 / 2.1744,23 105 359 412 
364,"Passeig de Gràcia, 61",41.393106 / 2.163399,60 72 92 374 
365,"Viladomat, 244",41.387499 / 2.14702,67 75 89 109 
366,"Loreto, 49",41.39174 / 2.142613,74 101 102 208 
367,"Nicaragua, 96",41.385482 / 2.138645,75 196 197 201 
368,"Diputació, 350",41.396815 / 2.175714,1 2 360 387 
369,"Consell de Cent, 513",41.400828 / 2.1786,1 22 24 30 
37,Pl. Antonio López,41.381241 / 2.181838,38 115 126 401 
370,"Sardenya, 234",41.403735 / 2.172987,18 19 22 120 
371,"Carrer dels Enamorats, 49",41.404027 / 2.181264,26 30 218 369 
372,"Padilla, 159",41.39999 / 2.184507,1 16 119 426 
373,"Av. Paral.lel, 132",41.375073 / 2.161305,85 86 113 235 
374,"Passeig de Gràcia, 89",41.394791 / 2.161302,27 72 92 363 
375,World Trade Center,41.372154 / 2.180701,56 57 114 410 
376,World Trade Center,41.371663 / 2.180302,56 57 361 378 
377,Pl. Ictíneo,41.37747 / 2.183737,37 38 126 402 
378,"Pl.Joaquim Xira i Palau, 1",41.378516 / 2.176716,56 57 114 425 
379,"Pl. Sant Miquel, 4",41.381709 / 2.177308,33 37 55 378 
38,Pl. Pau Vila,41.381129 / 2.186397,39 40 124 126 
380,"Duran i Bas, 2",41.385463 / 2.174252,34 36 53 394 
381,"Agustí Duran i Sanpere, 10",41.381607 / 2.167667,51 59 388 415 
382,"Lope de Vega, 79",41.403938 / 2.204188,150 154 155 162 
384,"Vilamarí, 85",41.380708 / 2.146793,81 87 100 191 
385,"Casanova, 119",41.387978 / 2.155266,76 80 110 
386,"Av.Paral.lel, 164",41.375086 / 2.156848,85 94 237 
387,"Nàpols, 125",41.395796 / 2.178784,1 2 3 414 
388,"Riera Alta, 6",41.380593 / 2.167418,54 58 148 381 
389,Recinte Parc de la Ciutadella,41.388133 / 2.187698,6 14 47 118 
39,Pl. Pau Vila,41.381046 / 2.186576,38 40 124 126 
390,"Comerç, 36",41.386955 / 2.18195,7 9 10 405 
391,"Sagrera, 74",41.422873 / 2.191204,252 316 317 340 
392,"Ramon Turró, 5",41.390704 / 2.190543,45 47 118 409 
393,"Llacuna, 86",41.402177 / 2.197653,142 143 152 153 
395,"Pl. Catalunya, 22",41.386009 / 2.170212,62 63 64 65 
396,"Joan Miró, 2",41.389028 / 2.196844,49 117 397 407 
397,"Av. Del Litoral, 24",41.388894 / 2.199334,69 117 170 172 
398,Passeig Marítim de la Barceloneta,41.381011 / 2.193502,11 12 124 424 
4,"Ribes, 13",41.393389 / 2.181485,3 5 359 419 
40,"Doctor Aiguader, 2",41.382246 / 2.186275,37 38 116 402 
400,Nova Bocana,41.370297 / 2.187808,31 32 33 124 
401,Pl. Antonio López (Via Laietana) annexa a la 37,41.381226 / 2.181888,37 115 126 402 
402,Passeig de Colom,41.380565 / 2.182119,37 38 377 401 
404,"Juan Gris, 28",41.365374 / 2.133087,179 180 184 352 
405,Plaça Comercial (annexa a l'estació 10),41.385657 / 2.183349,7 9 10 390 
406,"Gran Via de Les Corts Catalanes, 592",41.386512 / 2.164597,62 78 79 287 
407,"Ramon Trias Fargas, 19",41.388471 / 2.192835,46 47 69 392 
408,"Villena, 11",41.388609 / 2.19231,46 47 392 409 
409,"Joan d'Àustria, 50",41.392422 / 2.192417,45 47 149 392 
41,Pl. Poeta Boscà/Atlàntida,41.379326 / 2.189906,31 39 124 424 
410,"Passeig de Colom, s/n",41.376433 / 2.17871,56 57 361 375 
411,"Rambla Catalunya, 31 ( Diputació)",41.389499 / 2.165387,60 61 66 79 
412,"PL. URQUINAONA, 3",41.389012 / 2.172667,34 65 105 363 
413,"Bruc, 66",41.393512 / 2.170718,15 23 25 360 
414,"Casp, 67",41.393744 / 2.176451,2 23 363 387 
415,"Rambla del Raval, 13",41.379374 / 2.168921,54 187 388 416 
416,"Rambla del Raval, 20",41.378134 / 2.16965,54 187 388 415 
418,Passeig de Lluís Companys ,41.390943 / 2.180251,6 7 359 419 
419,Passeig de Lluís Companys,41.391299 / 2.180828,4 5 8 418 
42,"Ciutat de Granada, 168",41.404418 / 2.190379,43 44 133 286 
420,"Gran Via, 361",41.374213 / 2.148082,93 95 96 
421,Plaça de Joan Peiró,41.377845 / 2.13923,98 100 188 210 
423,"Carrer d'Hondures, 32",41.420201 / 2.189532,238 240 248 289 
424,"Passeig Marítim de la Barceloneta, devant del 5-7",41.379632 / 2.192662,11 41 124 398 
425,"Carrer de Cervelló, 5",41.37652 / 2.1749,50 56 57 114 
426,"Carrer de Ribes, 59b",41.398305 / 2.183023,1 24 119 372 
427,"Carrer de Sant Pau, 119/ Ronda Sant Pau",41.375336 / 2.168007,50 86 187 232 
428,"Carrer Pujades, 103",41.398389 / 2.196261,142 149 153 161 
43,"Av Meridiana, 70",41.404622 / 2.187159,30 42 44 218 
44,"Av Meridiana, 66",41.402165 / 2.187136,30 42 43 285 
45,"Marina , 65",41.392005 / 2.190426,47 118 392 409 
46,"Ramon trias Fargas, 19",41.388359 / 2.193004,47 69 392 407 
47,Ramon Trias Fargas,41.389076 / 2.192104,13 46 392 407 
48,"Meridiana, 40",41.395261 / 2.18708,16 118 149 211 
49,"Rosa Sensat en front, 13",41.39106 / 2.196457,46 117 163 396 
5,"Pg Lluís Companys, 11",41.391075 / 2.180223,6 7 359 418 
50,"Paral·lel, 54",41.374947 / 2.170878,86 114 187 232 
51,Pl. Vicenç Martorell,41.384054 / 2.169019,55 58 59 63 
510,"Radi, 11",41.36335 / 2.134144,347 348 349 
511,"Ciutat de Granada, 169",41.404418 / 2.190379,42 133 286 
52,"Plaça de Sant Miquel, 1",41.381766 / 2.17738,35 44 55 379 
53,Pl. Carles Pi i Sunyer,41.385227 / 2.173878,34 36 64 380 
54,"Sant Oleguer, 16",41.377553 / 2.17074,114 187 388 415 
55,"La Rambla, 80",41.381154 / 2.173497,54 378 379 395 
56,"Portal de Santa Madrona, 2",41.377011 / 2.175834,54 56 378 425 
57,"La Rambla, 2",41.376758 / 2.177093,56 114 361 378 
58,"Plaça dels Àngels, 1",41.382822 / 2.167154,51 59 381 388 
59,"Plaça dels Àngels, 2",41.382781 / 2.167203,51 58 381 388 
6,"Pg Lluís Companys, 18",41.391349 / 2.18061,5 8 359 418 
60,"Rambla Catalunya , 42",41.390349 / 2.16424,61 66 80 411 
61,"Rambla Catalunya, 47",41.390143 / 2.164946,60 80 287 411 
62,"Pl. Catalunya , 5",41.387142 / 2.168858,63 64 65 395 
63,"Pl. Catalunya, 7",41.386439 / 2.169417,62 64 65 394 
64,Pl. Catalunya,41.387469 / 2.169048,62 63 65 394 
65,Pl. Catalunya,41.387678 / 2.169587,62 63 64 395 
66,"Gran Via, 509",41.389097 / 2.167933,61 64 79 287 
67,"Rocafort, 214",41.385012 / 2.145843,75 87 89 365 
68,"Rambla Catalunya, 133",41.395364 / 2.157356,72 73 92 374 
69,Avda. Litoral,41.386814 / 2.195689,12 13 125 397 
7,"Pg Lluís Companys, 1",41.388856 / 2.183251,8 10 118 389 
70,"Villarroel, 2",41.381328 / 2.161786,71 91 113 261 
71,"Floridablanca , 145",41.381931 / 2.162969,70 78 113 148 
72,"Rosselló, 217",41.393173 / 2.157081,68 73 92 374 
73,"Enric Granados, 99",41.392846 / 2.155788,68 72 76 92 
74,"Josep Tarradellas, 129",41.389391 / 2.143102,101 102 109 366 
75,"Josep Tarradellas, 58",41.385081 / 2.142868,67 99 197 365 
76,"CORSEGA, 216",41.391751 / 2.153123,72 73 88 90 
78,Pl. Universitat,41.385598 / 2.16338,71 79 209 406 
79,Pl. Universitat,41.385736 / 2.163577,78 209 287 406 
8,"Passeig lluís companys, 2",41.389088 / 2.183568,6 10 118 389 
80,"Enric Granados, 35",41.389687 / 2.159999,60 209 385 411 
81,"Vilamarí davant, 61",41.378915 / 2.149174,82 95 97 384 
82,"Rocafort, 72",41.379016 / 2.153799,67 81 111 112 
83,"Compte Borrell, 177",41.384075 / 2.153654,87 89 110 111 
84,"Diputació, 152",41.383374 / 2.157577,78 91 110 209 
85,"Paral·lel, 146",41.375076 / 2.159046,112 236 373 382 
86,"Paral·lel, 114",41.375064 / 2.16364,85 187 235 373 
87,"Mallorca, 41",41.383156 / 2.148506,67 111 191 384 
88,"Londres, 101",41.393547 / 2.150764,76 109 220 350 
89,"Rosselló, 101",41.387953 / 2.150169,76 90 110 365 
9,"Marquès de l'Argentera, 17",41.385031 / 2.185249,10 14 115 405 
90,"Rosselló, 108",41.38834 / 2.150825,77 89 365 385 
91,"Comte Borrell, 119",41.380452 / 2.158403,70 112 113 261 
92,"Provença, 241",41.39386 / 2.160237,72 73 364 374 
93,"Gran Via, 375",41.375454 / 2.149786,94 95 96 420 
94,"Gran Via, 375",41.375619 / 2.149889,93 95 96 420 
95,"Tarragona, 103",41.376428 / 2.147734,93 96 97 186 
96,"Gran Via, 361",41.374152 / 2.148154,93 95 186 420 
97,"Tarragona, 141",41.378124 / 2.145389,81 95 100 186 
98,"Viriat, 45",41.380658 / 2.141697,75 99 100 421 
99,"Viriat, 53",41.380632 / 2.141548,98 100 195 421 
